{
    "9": {
        "base": {
            "perceptual_loss": 0.03723207116127014,
            "l1_norm": 0.028569420799613
        },
        "tocompare": {
            "perceptual_loss": 0.024273162707686424,
            "l1_norm": 0.011536302976310253
        }
    },
    "30": {
        "base": {
            "perceptual_loss": 0.031083058565855026,
            "l1_norm": 0.02898176573216915
        },
        "tocompare": {
            "perceptual_loss": 0.013244353234767914,
            "l1_norm": 0.011557246558368206
        }
    }
}