{"9": {"question": "What color are the dishes?", "ans1_base": {"ans": ["yellow", "pink and yellow", "yellow and red", "yellow and blue", "yellow and orange"], "val": [0.9831938743591309, 0.010165004059672356, 0.000895749544724822, 0.0008410467999055982, 0.0006304654525592923]}, "ans2_base": {"ans": ["pink and yellow", "yellow", "yellow and red", "pink", "red and yellow"], "val": [0.6980484127998352, 0.21822503209114075, 0.019352398812770844, 0.013943132013082504, 0.011760776862502098]}, "ans1_tocompare": {"ans": ["white", "silver", "blue and white", "blue", "yellow"], "val": [0.544624388217926, 0.05434589087963104, 0.04247652366757393, 0.04065866395831108, 0.039309076964855194]}, "ans2_tocompare": {"ans": ["white", "blue", "blue and white", "silver", "black and white"], "val": [0.6848769783973694, 0.04029213637113571, 0.04021834954619408, 0.02921871840953827, 0.027681628242135048]}}, "30": {"question": "What color is the vase?", "ans1_base": {"ans": ["white", "green", "green and white", "white and green", "clear"], "val": [0.9817624092102051, 0.010275210253894329, 0.0035317735746502876, 0.0025390167720615864, 0.00046360885608009994]}, "ans2_base": {"ans": ["white", "clear", "green", "silver", "green and white"], "val": [0.920558750629425, 0.06438906490802765, 0.006393945310264826, 0.002777999034151435, 0.0009144790819846094]}, "ans1_tocompare": {"ans": ["white", "silver", "clear", "gray", "blue"], "val": [0.6565069556236267, 0.20423954725265503, 0.04130871966481209, 0.012886906042695045, 0.011283858679234982]}, "ans2_tocompare": {"ans": ["white", "silver", "clear", "brown and white", "gold"], "val": [0.709605872631073, 0.13559891283512115, 0.03892749175429344, 0.026207759976387024, 0.013746324926614761]}}}